<?xml version="1.0" encoding="UTF-8"?>
<vcs-root xmlns:xsi="http://www.w3.org/2001/XMLSchema-instance" uuid="f1142423-8cc3-4bfc-adbb-e0de20c769ed" type="jetbrains.git" xsi:noNamespaceSchemaLocation="http://www.jetbrains.com/teamcity/schemas/2017.2/project-config.xsd">
  <name>https://github.com/koehler1000/DHpoly#refs/heads/master</name>
  <param name="agentCleanFilesPolicy" value="ALL_UNTRACKED" />
  <param name="agentCleanPolicy" value="ON_BRANCH_CHANGE" />
  <param name="authMethod" value="PASSWORD" />
  <param name="branch" value="refs/heads/master" />
  <param name="ignoreKnownHosts" value="true" />
  <param name="secure:password" value="zxx4c55fb6589143b1961f165b56fe60b24d1d19b084f3fbc3cef54d6eecb15b70fc5c909ec90c20a63775d03cbe80d301b" />
  <param name="submoduleCheckout" value="CHECKOUT" />
  <param name="url" value="https://github.com/koehler1000/DHpoly" />
  <param name="useAlternates" value="true" />
  <param name="username" value="koehler1000" />
  <param name="usernameStyle" value="USERID" />
</vcs-root>

