<?xml version="1.0" encoding="UTF-8"?>
<project xmlns:xsi="http://www.w3.org/2001/XMLSchema-instance" parent-id="TestDrive" archived="true" uuid="4baadade-71a1-49a7-9d96-553a7966006b" xsi:noNamespaceSchemaLocation="http://www.jetbrains.com/teamcity/schemas/2017.2/project-config.xsd">
  <name>DHpoly</name>
  <parameters />
  <project-extensions>
    <extension id="PROJECT_EXT_125" type="Invitation">
      <parameters>
        <param name="createdByUserId" value="10738" />
        <param name="disabled" value="false" />
        <param name="groupKey" value="TD_DEVS_1528" />
        <param name="invitationType" value="joinProjectInvitation" />
        <param name="multi" value="true" />
        <param name="name" value="Join TeamCity TestDrive" />
        <param name="secure:token" value="zxxaef2eb2cc3092f2b02e201f4b6e12afe50e695d49b306b05b4b24ab9b5a0e2be775d03cbe80d301b" />
        <param name="welcomeText" value="DH Poly invites you to join DHpoly project." />
      </parameters>
    </extension>
  </project-extensions>
  <cleanup />
</project>

